Classifier,Accuracy,Precision,Recall,F1-score
Logistic Regression,0.9659949622166247,0.9743589743589743,0.4175824175824176,0.5846153846153846
Decision Tree,0.97544080604534,0.9814814814814815,0.5824175824175825,0.7310344827586207
SVM,0.9659949622166247,0.9743589743589743,0.4175824175824176,0.5846153846153846
